<?xml version="1.0" encoding="UTF-8" ?>
<hardwareinfo version="4.2.6">
<group title="HTC One_M8">
<group title="System" subtitle="Android 6.0">
<entry name="Model">HTC One_M8</entry>
<entry name="Manufacturer">HTC</entry>
<entry name="Device">htc_m8</entry>
<entry name="Product">o2_uk</entry>
<entry name="Brand">htc</entry>
<entry name="Android Version">6.0</entry>
<entry name="API Level">23</entry>
<entry name="Build ID">MRA58K</entry>
<entry name="Fingerprint">htc/o2_uk/htc_m8:6.0/MRA58K/667457.5:user/release-keys</entry>
</group>
<group title="Display" subtitle="1920x1080">
<entry name="Size">1920x1080</entry>
<entry name="Refresh Rate">60 Hz</entry>
<entry name="Default Orientation">Portrait</entry>
<entry name="Physical Size">4,92" (12,49 cm)</entry>
<entry name="Logical Size">Normal</entry>
<entry name="Density">480 dpi (XX High)</entry>
<entry name="Pixels Per Inch">X: 449,7; Y: 447,41</entry>
</group>
<group title="Processor" subtitle="ARMv7">
<entry name="Processor">ARMv7 Processor rev 1 (v7l)</entry>
<entry name="Cores">4</entry>
<entry name="Max Frequency">2265 Mhz</entry>
<entry name="Instruction Sets">armeabi-v7a, armeabi</entry>
<entry name="SIMD Instructions">NEON</entry>
</group>
<group title="Memory" subtitle="1823 MB">
<entry name="System RAM">1823 MB</entry>
<entry name="JVM Max Memory">192 MB</entry>
<entry name="Internal Storage">10934 MB</entry>
<entry name="External Storage">10934 MB (Emulated)</entry>
</group>
<group title="Back Camera" subtitle="4,1 megapixel">
<group title="Summary">
<entry name="Max Picture Size">2688x1520</entry>
<entry name="Zoom">3,90x</entry>
<entry name="Autofocus">Supported (Continuous)</entry>
<entry name="Orientation">90°</entry>
</group>
<group title="Picture">
<entry name="Picture Format">Jpeg</entry>
<entry name="Picture Format Values">Jpeg, Bayer Mipi 10grbg, Bayer Ideal Qcom 10grbg, Bayer Qcom 10grbg, Yuv422sp</entry>
<entry name="Picture Size">320x240</entry>
<entry name="Picture Size Values">2688x1520, 2592x1472, 2560x1440, 2112x1188, 2048x1520, 2048x1216, 2048x1152, 1952x1456, 1920x1088, 1920x1080, 1600x1200, 1600x1184, 1600x896, 1520x1520, 1456x1088, 1456x1456, 1456x880, 1456x832, 1440x1088, 1280x960, 1280x768, 1280x720, 1184x1184, 1088x1088, 1024x768, 800x600, 800x480, 768x432, 720x720, 720x480, 640x480, 640x384, 640x368, 352x288, 320x240</entry>
<entry name="Snapshot Picture Flip">Off</entry>
<entry name="Zoe Picture Size Values">2688x1520</entry>
</group>
<group title="Preview">
<entry name="Preview Flip">Off</entry>
<entry name="Preview Format">Yuv420sp</entry>
<entry name="Preview Format Values">Yuv420sp, Yuv420p, Nv12 Venus</entry>
<entry name="Preview Fps Range">10200, 40490</entry>
<entry name="Preview Fps Range Values">(10200, 40490), (30000, 30000)</entry>
<entry name="Preview Frame Rate">40</entry>
<entry name="Preview Frame Rate Values">11, 12, 13, 14, 15, 16, 17, 18, 19, 20, 21, 22, 23, 24, 25, 26, 27, 28, 29, 30, 31, 32, 33, 34, 35, 36, 37, 38, 39, 40</entry>
<entry name="Preview Size">1920x1088</entry>
<entry name="Preview Size Values">1920x1088, 1920x1080, 1808x1080, 1440x1088, 1280x960, 1280x720, 1088x1088, 960x720, 960x544, 864x480, 800x480, 768x432, 736x736, 720x480, 640x360, 640x480, 576x432, 480x320, 384x288, 352x288, 320x240, 240x160, 176x144</entry>
</group>
<group title="Video">
<entry name="Preferred Preview Size For Video">1920x1088</entry>
<entry name="Video 1080p60fps Supported">True</entry>
<entry name="Video 720p60fps Supported">True</entry>
<entry name="Video Flip">Off</entry>
<entry name="Video Frame Format">Yuv420sp</entry>
<entry name="Video Hdr">Off</entry>
<entry name="Video Hdr Supported">True</entry>
<entry name="Video Hdr Values">Off, On</entry>
<entry name="Video Hfr">Off</entry>
<entry name="Video Hfr Values">60, 120, Off</entry>
<entry name="Video Size">1920x1088</entry>
<entry name="Video Size Values">1920x1088, 1920x1080, 1280x720, 960x544, 864x480, 800x480, 768x432, 720x480, 640x480, 480x320, 352x288, 320x240, 176x144</entry>
<entry name="Video Slow Motion Supported">True</entry>
<entry name="Video Snapshot Supported">True</entry>
<entry name="Video Stabilization">True</entry>
<entry name="Video Stabilization Supported">True</entry>
</group>
<group title="Flash">
<entry name="Flash Calibration Check">Success</entry>
<entry name="Flash Mode">Off</entry>
<entry name="Flash Mode Values">Off, Auto, On, Torch</entry>
</group>
<group title="Focus">
<entry name="Focus Areas">(0, 0, 0, 0, 0)</entry>
<entry name="Focus Distances">Infinity, Infinity, Infinity</entry>
<entry name="Focus Mode">Auto</entry>
<entry name="Focus Mode Values">Auto, Infinity, Macro, Continuous Video, Continuous Picture</entry>
<entry name="Focus Step">1</entry>
<entry name="Max Focus">20</entry>
<entry name="Max Num Focus Areas">1</entry>
<entry name="Min Focus">0</entry>
</group>
<group title="Zoom">
<entry name="Max Zoom">59</entry>
<entry name="Smooth Zoom Supported">False</entry>
<entry name="Zoom">0</entry>
<entry name="Zoom Ratios">100, 102, 104, 107, 109, 112, 114, 117, 120, 123, 125, 128, 131, 135, 138, 141, 144, 148, 151, 155, 158, 162, 166, 170, 174, 178, 182, 186, 190, 195, 200, 204, 209, 214, 219, 224, 229, 235, 240, 246, 251, 257, 263, 270, 276, 282, 289, 296, 303, 310, 317, 324, 332, 340, 348, 356, 364, 373, 381, 390</entry>
<entry name="Zoom Supported">True</entry>
</group>
<group title="Whitebalance">
<entry name="Auto Whitebalance Lock">False</entry>
<entry name="Auto Whitebalance Lock Supported">True</entry>
<entry name="Whitebalance">Auto</entry>
<entry name="Whitebalance Values">Auto, Incandescent, Fluorescent, Warm Fluorescent, Daylight, Cloudy Daylight, Twilight, Shade</entry>
</group>
<group title="Exposure compensation">
<entry name="Exposure Compensation">0</entry>
<entry name="Exposure Compensation Step">0.166667</entry>
<entry name="Max Exposure Compensation">12</entry>
<entry name="Min Exposure Compensation">12</entry>
</group>
<group title="Scene">
<entry name="Scene Detect">On</entry>
<entry name="Scene Detect Values">Off, On</entry>
<entry name="Scene Mode">Auto</entry>
<entry name="Scene Mode Values">Auto, Asd, Landscape, Snow, Beach, Sunset, Night, Portrait, Backlight, Sports, Steadyphoto, Flowers, Candlelight, Fireworks, Party, Night Portrait, Theatre, Action, AR, Hdr, Text, Zoe, Panorama, Burst, Manual, Panorama360, Underwater</entry>
</group>
<group title="Misc">
<entry name="Ae Bracket Hdr">Off</entry>
<entry name="Ae Bracket Hdr Values">Off, AE Bracket</entry>
<entry name="Antibanding">Off</entry>
<entry name="Antibanding Values">Off, 60hz, 50hz, Auto</entry>
<entry name="Auto Exposure">Smart Metering</entry>
<entry name="Auto Exposure Lock">False</entry>
<entry name="Auto Exposure Lock Supported">True</entry>
<entry name="Auto Exposure Values">Frame Average, Center Weighted, Spot Metering, Center Weighted, Spot Metering Adv, Center Weighted Adv</entry>
<entry name="Avtimer">Disable</entry>
<entry name="Awb Calibration Check">Success</entry>
<entry name="Camera Mode">0</entry>
<entry name="Contiburst Support Mode">Take</entry>
<entry name="Contrast">5</entry>
<entry name="Contrast Step">1</entry>
<entry name="Denoise">Denoise On</entry>
<entry name="Denoise Values">Denoise Off, Denoise On</entry>
<entry name="Dis">Enable</entry>
<entry name="Dis Values">Enable, Disable</entry>
<entry name="Dual Camera Supported">True</entry>
<entry name="Effect">None</entry>
<entry name="Effect Values">None, Mono, Negative, Solarize, Sepia, Posterize, Whiteboard, Blackboard, Aqua, Emboss, Sketch, Neon</entry>
<entry name="Exposure Step">10</entry>
<entry name="Face Detection">Off</entry>
<entry name="Face Detection Values">Off, On</entry>
<entry name="Flip Mode Values">Off, Flip V, Flip H, Flip Vh</entry>
<entry name="Focal Length">3.82</entry>
<entry name="Hdr Supported">True</entry>
<entry name="Hfr Size Values">2120x1196, 1280x720</entry>
<entry name="Histogram">Disable</entry>
<entry name="Histogram Values">Enable, Disable</entry>
<entry name="Horizontal View Angle">69.6</entry>
<entry name="Human Engine Lib Path">/system/lib/libhtc_humanprocess.so</entry>
<entry name="Human Joint Mode">0</entry>
<entry name="Iso">Auto</entry>
<entry name="Iso Values">Auto, ISO_HJR, ISO100, ISO200, ISO400, ISO800, ISO1600</entry>
<entry name="Jpeg Quality">95</entry>
<entry name="Jpeg Thumbnail Height">288</entry>
<entry name="Jpeg Thumbnail Quality">95</entry>
<entry name="Jpeg Thumbnail Size Values">512x288, 480x288, 256x154, 432x288, 320x240, 176x144, 288x288, 0x0</entry>
<entry name="Jpeg Thumbnail Width">512</entry>
<entry name="Lensshade">Enable</entry>
<entry name="Lensshade Values">Enable, Disable</entry>
<entry name="Live Facebeauty Supported">True</entry>
<entry name="Lsc Calibration Check">Success</entry>
<entry name="Max Contrast">10</entry>
<entry name="Max Exposure">392</entry>
<entry name="Max Num Detected Faces Hw">10</entry>
<entry name="Max Num Detected Faces Sw">0</entry>
<entry name="Max Num Metering Areas">10</entry>
<entry name="Max Saturation">10</entry>
<entry name="Max Sce Factor">100</entry>
<entry name="Max Sharpness">36</entry>
<entry name="Max Wb Ct">7500</entry>
<entry name="Mce">Enable</entry>
<entry name="Mce Values">Enable, Disable</entry>
<entry name="Metering Areas">(0, 0, 0, 0, 0)</entry>
<entry name="Min Contrast">0</entry>
<entry name="Min Exposure">0</entry>
<entry name="Min Saturation">0</entry>
<entry name="Min Sce Factor">100</entry>
<entry name="Min Sharpness">0</entry>
<entry name="Min Wb Ct">2300</entry>
<entry name="Non Zsl Manual Mode">True</entry>
<entry name="Num Snaps Per Shutter">1</entry>
<entry name="Qc Camera Features">1854</entry>
<entry name="Qc Max Num Requested Faces">0</entry>
<entry name="Raw Size">2688x1520</entry>
<entry name="Redeye Reduction">Disable</entry>
<entry name="Redeye Reduction Values">Enable, Disable</entry>
<entry name="Saturation">5</entry>
<entry name="Saturation Step">1</entry>
<entry name="Sce Factor Step">10</entry>
<entry name="Selectable Zone Af">Auto</entry>
<entry name="Selectable Zone Af Values">Auto, Spot Metering, Center Weighted, Frame Average</entry>
<entry name="Sharpness">18</entry>
<entry name="Sharpness Step">6</entry>
<entry name="Shutter Threshold">0.200000</entry>
<entry name="SkinToneEnhancement">0</entry>
<entry name="SkinToneEnhancement Values">Enable, Disable</entry>
<entry name="Slow Motion Res">1280x720</entry>
<entry name="Slow Motion X">4</entry>
<entry name="Smileinfo Byface Supported">1</entry>
<entry name="Supported Live Snapshot Sizes">2688x1520, 2112x1188, 1920x1080, 1600x1200, 1280x768, 1280x720, 1024x768, 800x600, 864x480, 800x480, 768x432, 720x480, 640x480, 352x288, 320x240, 176x144</entry>
<entry name="Touch Af Aec">Touch Off</entry>
<entry name="Touch Af Aec Values">Touch Off, Touch On</entry>
<entry name="Vertical View Angle">43</entry>
<entry name="Wb Ct Step">10</entry>
<entry name="Zoe Support Mode">Auto</entry>
<entry name="Zoe Supported">True</entry>
<entry name="Zsl">On</entry>
<entry name="Zsl Values">Off, On</entry>
</group>
</group>
<group title="Front Camera" subtitle="4,9 megapixel">
<group title="Summary">
<entry name="Max Picture Size">2560x1920 (4:3)</entry>
<entry name="Zoom">3,90x</entry>
<entry name="Autofocus">Not supported</entry>
<entry name="Orientation">270°</entry>
</group>
<group title="Picture">
<entry name="Picture Format">Jpeg</entry>
<entry name="Picture Format Values">Jpeg, Bayer Mipi 10grbg, Bayer Ideal Qcom 10grbg, Bayer Qcom 10grbg, Yuv422sp</entry>
<entry name="Picture Size">320x240</entry>
<entry name="Picture Size Values">2560x1920, 2560x1440, 2464x1840, 2112x1188, 2048x1536, 2048x1520, 2048x1216, 2048x1152, 1952x1456, 1920x1920, 1920x1088, 1920x1080, 1840x1840, 1600x1200, 1600x1184, 1600x896, 1536x1536, 1520x1520, 1456x1088, 1456x1456, 1456x880, 1456x832, 1440x1088, 1280x960, 1280x768, 1280x720, 1184x1184, 1088x1088, 1024x768, 800x600, 800x480, 768x432, 720x720, 720x480, 640x480, 640x384, 640x368, 352x288, 320x240</entry>
<entry name="Snapshot Picture Flip">Off</entry>
<entry name="Zoe Picture Size Values">2688x1520</entry>
</group>
<group title="Preview">
<entry name="Preview Flip">Off</entry>
<entry name="Preview Format">Yuv420sp</entry>
<entry name="Preview Format Values">Yuv420sp, Yuv420p, Nv12 Venus</entry>
<entry name="Preview Fps Range">7500, 30000</entry>
<entry name="Preview Fps Range Values">(7500, 30000), (30000, 30000)</entry>
<entry name="Preview Frame Rate">30</entry>
<entry name="Preview Frame Rate Values">8, 9, 10, 11, 12, 13, 14, 15, 16, 17, 18, 19, 20, 21, 22, 23, 24, 25, 26, 27, 28, 29, 30</entry>
<entry name="Preview Size">1920x1088</entry>
<entry name="Preview Size Values">1920x1088, 1920x1080, 1808x1080, 1440x1088, 1280x960, 1280x720, 1088x1088, 960x720, 960x544, 864x480, 800x480, 768x432, 736x736, 720x480, 640x360, 640x480, 576x432, 480x320, 384x288, 352x288, 320x240, 240x160, 176x144</entry>
</group>
<group title="Video">
<entry name="Preferred Preview Size For Video">1920x1088</entry>
<entry name="Video 1080p60fps Supported">True</entry>
<entry name="Video 720p60fps Supported">True</entry>
<entry name="Video Flip">Off</entry>
<entry name="Video Frame Format">Yuv420sp</entry>
<entry name="Video Hfr">Off</entry>
<entry name="Video Hfr Values">Off</entry>
<entry name="Video Size">1920x1088</entry>
<entry name="Video Size Values">1920x1088, 1920x1080, 1280x720, 960x544, 864x480, 800x480, 768x432, 720x480, 640x480, 480x320, 352x288, 320x240, 176x144</entry>
<entry name="Video Slow Motion Supported">True</entry>
<entry name="Video Snapshot Supported">True</entry>
<entry name="Video Stabilization">True</entry>
<entry name="Video Stabilization Supported">True</entry>
</group>
<group title="Flash">
<entry name="Flash Calibration Check">Not Need</entry>
</group>
<group title="Focus">
<entry name="Focus Distances">Infinity, Infinity, Infinity</entry>
<entry name="Focus Mode">Fixed</entry>
<entry name="Focus Mode Values">Fixed</entry>
<entry name="Focus Step">1</entry>
<entry name="Max Focus">0</entry>
<entry name="Max Num Focus Areas">0</entry>
<entry name="Min Focus">0</entry>
</group>
<group title="Zoom">
<entry name="Max Zoom">59</entry>
<entry name="Smooth Zoom Supported">False</entry>
<entry name="Zoom">0</entry>
<entry name="Zoom Ratios">100, 102, 104, 107, 109, 112, 114, 117, 120, 123, 125, 128, 131, 135, 138, 141, 144, 148, 151, 155, 158, 162, 166, 170, 174, 178, 182, 186, 190, 195, 200, 204, 209, 214, 219, 224, 229, 235, 240, 246, 251, 257, 263, 270, 276, 282, 289, 296, 303, 310, 317, 324, 332, 340, 348, 356, 364, 373, 381, 390</entry>
<entry name="Zoom Supported">True</entry>
</group>
<group title="Whitebalance">
<entry name="Auto Whitebalance Lock">False</entry>
<entry name="Auto Whitebalance Lock Supported">True</entry>
<entry name="Whitebalance">Auto</entry>
<entry name="Whitebalance Values">Auto, Incandescent, Fluorescent, Warm Fluorescent, Daylight, Cloudy Daylight, Twilight, Shade</entry>
</group>
<group title="Exposure compensation">
<entry name="Exposure Compensation">0</entry>
<entry name="Exposure Compensation Step">0.166667</entry>
<entry name="Max Exposure Compensation">12</entry>
<entry name="Min Exposure Compensation">12</entry>
</group>
<group title="Scene">
<entry name="Scene Detect">On</entry>
<entry name="Scene Detect Values">Off, On</entry>
<entry name="Scene Mode">Auto</entry>
<entry name="Scene Mode Values">Auto, Asd, Landscape, Snow, Beach, Sunset, Night, Portrait, Backlight, Sports, Steadyphoto, Flowers, Candlelight, Fireworks, Party, Night Portrait, Theatre, Action, AR, Hdr, Text, Zoe, Panorama, Burst, Manual, Panorama360, Underwater</entry>
</group>
<group title="Misc">
<entry name="Ae Bracket Hdr">Off</entry>
<entry name="Ae Bracket Hdr Values">Off, AE Bracket</entry>
<entry name="Antibanding">Off</entry>
<entry name="Antibanding Values">Off, 60hz, 50hz, Auto</entry>
<entry name="Auto Exposure">Smart Metering</entry>
<entry name="Auto Exposure Lock">False</entry>
<entry name="Auto Exposure Lock Supported">True</entry>
<entry name="Auto Exposure Values">Frame Average, Center Weighted, Spot Metering, Center Weighted, Spot Metering Adv, Center Weighted Adv</entry>
<entry name="Avtimer">Disable</entry>
<entry name="Awb Calibration Check">Success</entry>
<entry name="Camera Mode">0</entry>
<entry name="Contiburst Support Mode">Take</entry>
<entry name="Contrast">5</entry>
<entry name="Contrast Step">1</entry>
<entry name="Denoise">Denoise On</entry>
<entry name="Denoise Values">Denoise Off, Denoise On</entry>
<entry name="Dis">Enable</entry>
<entry name="Dis Values">Enable, Disable</entry>
<entry name="Dual Camera Supported">True</entry>
<entry name="Effect">None</entry>
<entry name="Effect Values">None, Mono, Negative, Solarize, Sepia, Posterize, Whiteboard, Blackboard, Aqua, Emboss, Sketch, Neon</entry>
<entry name="Exposure Step">10</entry>
<entry name="Face Detection">Off</entry>
<entry name="Face Detection Values">Off, On</entry>
<entry name="Flip Mode Values">Off, Flip V, Flip H, Flip Vh</entry>
<entry name="Focal Length">1.83</entry>
<entry name="Hdr Supported">True</entry>
<entry name="Hfr Size Values"></entry>
<entry name="Histogram">Disable</entry>
<entry name="Histogram Values">Enable, Disable</entry>
<entry name="Horizontal View Angle">56.3</entry>
<entry name="Human Engine Lib Path">/system/lib/libhtc_humanprocess.so</entry>
<entry name="Human Joint Mode">0</entry>
<entry name="Iso">Auto</entry>
<entry name="Iso Values">Auto, ISO_HJR, ISO100, ISO200, ISO400, ISO800, ISO1600</entry>
<entry name="Jpeg Quality">95</entry>
<entry name="Jpeg Thumbnail Height">288</entry>
<entry name="Jpeg Thumbnail Quality">95</entry>
<entry name="Jpeg Thumbnail Size Values">512x288, 480x288, 256x154, 432x288, 320x240, 176x144, 288x288, 0x0</entry>
<entry name="Jpeg Thumbnail Width">512</entry>
<entry name="Lensshade">Enable</entry>
<entry name="Lensshade Values">Enable, Disable</entry>
<entry name="Live Facebeauty Supported">True</entry>
<entry name="Lsc Calibration Check">Success</entry>
<entry name="Max Contrast">10</entry>
<entry name="Max Exposure">405</entry>
<entry name="Max Num Detected Faces Hw">10</entry>
<entry name="Max Num Detected Faces Sw">0</entry>
<entry name="Max Num Metering Areas">10</entry>
<entry name="Max Saturation">10</entry>
<entry name="Max Sce Factor">100</entry>
<entry name="Max Sharpness">36</entry>
<entry name="Max Wb Ct">7500</entry>
<entry name="Mce">Enable</entry>
<entry name="Mce Values">Enable, Disable</entry>
<entry name="Metering Areas">(0, 0, 0, 0, 0)</entry>
<entry name="Min Contrast">0</entry>
<entry name="Min Exposure">0</entry>
<entry name="Min Saturation">0</entry>
<entry name="Min Sce Factor">100</entry>
<entry name="Min Sharpness">0</entry>
<entry name="Min Wb Ct">2300</entry>
<entry name="Non Zsl Manual Mode">True</entry>
<entry name="Num Snaps Per Shutter">1</entry>
<entry name="Qc Camera Features">1598</entry>
<entry name="Qc Max Num Requested Faces">0</entry>
<entry name="Raw Size">2576x1936</entry>
<entry name="Redeye Reduction">Disable</entry>
<entry name="Redeye Reduction Values">Enable, Disable</entry>
<entry name="Saturation">5</entry>
<entry name="Saturation Step">1</entry>
<entry name="Sce Factor Step">10</entry>
<entry name="Selectable Zone Af">Auto</entry>
<entry name="Selectable Zone Af Values">Auto, Spot Metering, Center Weighted, Frame Average</entry>
<entry name="Sharpness">18</entry>
<entry name="Sharpness Step">6</entry>
<entry name="Shutter Threshold">0.200000</entry>
<entry name="SkinToneEnhancement">0</entry>
<entry name="SkinToneEnhancement Values">Enable, Disable</entry>
<entry name="Slow Motion Res">1280x720</entry>
<entry name="Slow Motion X">3</entry>
<entry name="Smileinfo Byface Supported">1</entry>
<entry name="Supported Live Snapshot Sizes">2112x1188, 2048x1536, 1920x1080, 1600x1200, 1280x768, 1280x720, 1024x768, 800x600, 864x480, 800x480, 768x432, 720x480, 640x480, 352x288, 320x240, 176x144</entry>
<entry name="Touch Af Aec">Touch Off</entry>
<entry name="Touch Af Aec Values">Touch Off, Touch On</entry>
<entry name="Vertical View Angle">43.7</entry>
<entry name="Wb Ct Step">10</entry>
<entry name="Zoe Support Mode">Auto</entry>
<entry name="Zoe Supported">True</entry>
<entry name="Zsl">On</entry>
<entry name="Zsl Values">Off, On</entry>
</group>
</group>
<group title="OpenGL 1.1" subtitle="Adreno (TM) 330">
<group title="General">
<entry name="Renderer">Adreno (TM) 330</entry>
<entry name="Version">OpenGL ES-CM 1.1</entry>
<entry name="Vendor">Qualcomm</entry>
</group>
<group title="Limits">
<entry name="Texture Size">4096x4096</entry>
<entry name="Texture Units">2</entry>
<entry name="Viewport Size">4096x4096</entry>
<entry name="Modelview Stack Depth">16</entry>
<entry name="Projection Stack Depth">4</entry>
<entry name="Texture Stack Depth">2</entry>
<entry name="Lights">8</entry>
</group>
<group title="Compressed Texture Formats">
<entry >ATITC, ETC1, Paletted</entry>
</group>
<group title="Extensions">
<entry >GL_EXT_debug_marker GL_AMD_compressed_ATC_texture GL_AMD_performance_monitor GL_APPLE_texture_2D_limited_npot GL_ARB_vertex_buffer_object GL_EXT_texture_filter_anisotropic GL_EXT_texture_format_BGRA8888 GL_EXT_texture_type_2_10_10_10_REV GL_OES_blend_equation_separate GL_OES_blend_func_separate GL_OES_blend_subtract GL_OES_compressed_ETC1_RGB8_texture GL_OES_compressed_paletted_texture GL_OES_depth_texture GL_OES_depth24 GL_OES_draw_texture GL_OES_EGL_image GL_OES_EGL_image_external GL_OES_framebuffer_object GL_OES_matrix_palette GL_OES_packed_depth_stencil GL_OES_point_size_array GL_OES_point_sprite GL_OES_read_format GL_OES_rgb8_rgba8 GL_OES_stencil_wrap GL_OES_texture_cube_map GL_OES_texture_env_crossbar GL_OES_texture_float GL_OES_texture_half_float GL_OES_texture_half_float_linear GL_OES_texture_npot GL_OES_texture_mirrored_repeat GL_QCOM_binning_control GL_QCOM_extended_get GL_QCOM_tiled_rendering </entry>
</group>
</group>
<group title="OpenGL 3.0" subtitle="Adreno (TM) 330">
<group title="General">
<entry name="Renderer">Adreno (TM) 330</entry>
<entry name="Version">OpenGL ES 3.0 V@136.0 AU@ (GIT@I3fa967cfef)</entry>
<entry name="Vendor">Qualcomm</entry>
<entry name="GLSL Version">OpenGL ES GLSL ES 3.00</entry>
</group>
<group title="Limits">
<entry name="Texture Size">4096x4096</entry>
<entry name="Texture Units">16</entry>
<entry name="Vertex Textures">16</entry>
<entry name="Combined Textures">32</entry>
<entry name="Viewport Size">4096x4096</entry>
<entry name="Renderbuffer Size">4096x4096</entry>
<entry name="Cubemap Size">4096x4096</entry>
<entry name="Vertex Attributes">16</entry>
<entry name="Vertex Uniforms">256</entry>
<entry name="Varying Vectors">16</entry>
<entry name="Fragment Uniforms">224</entry>
</group>
<group title="Vertex Numeric Precision">
<entry name="Int">[-2^31, 2^31]</entry>
<entry name="Float">[-2^127, 2^127], 2^-23</entry>
</group>
<group title="Fragment Numeric Precision">
<entry name="Low Int">[-2^15, 2^15]</entry>
<entry name="Medium Int">[-2^15, 2^15]</entry>
<entry name="High Int">[-2^31, 2^31]</entry>
<entry name="Low Float">[-2^15, 2^15], 2^-10</entry>
<entry name="Medium Float">[-2^15, 2^15], 2^-10</entry>
<entry name="High Float">[-2^127, 2^127], 2^-23</entry>
</group>
<group title="Compressed Texture Formats">
<entry >ATITC, ETC1</entry>
</group>
<group title="Extensions">
<entry >GL_AMD_compressed_ATC_texture GL_AMD_performance_monitor GL_AMD_program_binary_Z400 GL_EXT_debug_label GL_EXT_debug_marker GL_EXT_discard_framebuffer GL_EXT_robustness GL_EXT_texture_format_BGRA8888 GL_EXT_texture_type_2_10_10_10_REV GL_NV_fence GL_OES_compressed_ETC1_RGB8_texture GL_OES_depth_texture GL_OES_depth24 GL_OES_EGL_image GL_OES_EGL_sync GL_OES_EGL_image_external GL_OES_element_index_uint GL_OES_fbo_render_mipmap GL_OES_fragment_precision_high GL_OES_get_program_binary GL_OES_packed_depth_stencil GL_OES_depth_texture_cube_map GL_OES_rgb8_rgba8 GL_OES_standard_derivatives GL_OES_texture_3D GL_OES_texture_float GL_OES_texture_half_float GL_OES_texture_half_float_linear GL_OES_texture_npot GL_OES_vertex_half_float GL_OES_vertex_type_10_10_10_2 GL_OES_vertex_array_object GL_QCOM_alpha_test GL_QCOM_binning_control GL_QCOM_driver_control GL_QCOM_perfmon_global_mode GL_QCOM_extended_get GL_QCOM_extended_get2 GL_QCOM_tiled_rendering GL_QCOM_writeonly_rendering GL_EXT_sRGB GL_EXT_sRGB_write_control GL_EXT_texture_sRGB_decode GL_EXT_texture_filter_anisotropic GL_EXT_multisampled_render_to_texture GL_EXT_color_buffer_float GL_EXT_color_buffer_half_float GL_EXT_disjoint_timer_query </entry>
</group>
</group>
<group title="Graphic Modes" subtitle="RGBA 32bit">
<entry >RGB 16bit (565)</entry>
<entry >RGB 16bit (565), Samples x2, Non-Conformant</entry>
<entry >RGB 16bit (565), Samples x4, Non-Conformant</entry>
<entry >RGB 16bit (565), Stencil 8bit</entry>
<entry >RGB 16bit (565), Stencil 8bit, Samples x2, Non-Conformant</entry>
<entry >RGB 16bit (565), Stencil 8bit, Samples x4, Non-Conformant</entry>
<entry >RGB 16bit (565), Depth 16bit</entry>
<entry >RGB 16bit (565), Depth 16bit, Samples x2, Non-Conformant</entry>
<entry >RGB 16bit (565), Depth 16bit, Samples x4, Non-Conformant</entry>
<entry >RGB 16bit (565), Depth 24bit, Stencil 8bit</entry>
<entry >RGB 16bit (565), Depth 24bit, Stencil 8bit, Samples x2, Non-Conformant</entry>
<entry >RGB 16bit (565), Depth 24bit, Stencil 8bit, Samples x4, Non-Conformant</entry>
<entry >RGB 24bit (888)</entry>
<entry >RGB 24bit (888), Non-Conformant</entry>
<entry >RGB 24bit (888), Samples x2, Non-Conformant</entry>
<entry >RGB 24bit (888), Samples x2, Non-Conformant</entry>
<entry >RGB 24bit (888), Samples x4, Non-Conformant</entry>
<entry >RGB 24bit (888), Samples x4, Non-Conformant</entry>
<entry >RGB 24bit (888), Stencil 8bit</entry>
<entry >RGB 24bit (888), Stencil 8bit, Non-Conformant</entry>
<entry >RGB 24bit (888), Stencil 8bit, Samples x2, Non-Conformant</entry>
<entry >RGB 24bit (888), Stencil 8bit, Samples x2, Non-Conformant</entry>
<entry >RGB 24bit (888), Stencil 8bit, Samples x4, Non-Conformant</entry>
<entry >RGB 24bit (888), Stencil 8bit, Samples x4, Non-Conformant</entry>
<entry >RGB 24bit (888), Depth 16bit</entry>
<entry >RGB 24bit (888), Depth 16bit, Non-Conformant</entry>
<entry >RGB 24bit (888), Depth 16bit, Samples x2, Non-Conformant</entry>
<entry >RGB 24bit (888), Depth 16bit, Samples x2, Non-Conformant</entry>
<entry >RGB 24bit (888), Depth 16bit, Samples x4, Non-Conformant</entry>
<entry >RGB 24bit (888), Depth 16bit, Samples x4, Non-Conformant</entry>
<entry >RGB 24bit (888), Depth 24bit, Stencil 8bit</entry>
<entry >RGB 24bit (888), Depth 24bit, Stencil 8bit, Non-Conformant</entry>
<entry >RGB 24bit (888), Depth 24bit, Stencil 8bit, Samples x2, Non-Conformant</entry>
<entry >RGB 24bit (888), Depth 24bit, Stencil 8bit, Samples x2, Non-Conformant</entry>
<entry >RGB 24bit (888), Depth 24bit, Stencil 8bit, Samples x4, Non-Conformant</entry>
<entry >RGB 24bit (888), Depth 24bit, Stencil 8bit, Samples x4, Non-Conformant</entry>
<entry >RGBA 32bit (8888)</entry>
<entry >RGBA 32bit (8888), Samples x2, Non-Conformant</entry>
<entry >RGBA 32bit (8888), Samples x4, Non-Conformant</entry>
<entry >RGBA 32bit (8888), Stencil 8bit</entry>
<entry >RGBA 32bit (8888), Stencil 8bit, Samples x2, Non-Conformant</entry>
<entry >RGBA 32bit (8888), Stencil 8bit, Samples x4, Non-Conformant</entry>
<entry >RGBA 32bit (8888), Depth 16bit</entry>
<entry >RGBA 32bit (8888), Depth 16bit, Samples x2, Non-Conformant</entry>
<entry >RGBA 32bit (8888), Depth 16bit, Samples x4, Non-Conformant</entry>
<entry >RGBA 32bit (8888), Depth 24bit, Stencil 8bit</entry>
<entry >RGBA 32bit (8888), Depth 24bit, Stencil 8bit, Samples x2, Non-Conformant</entry>
<entry >RGBA 32bit (8888), Depth 24bit, Stencil 8bit, Samples x4, Non-Conformant</entry>
</group>
<group title="Sensors" subtitle="16">
<group title="Accelerometer Sensor">
<entry name="Vendor">HTC Group Ltd.</entry>
<entry name="Range">19.6133 m/s²</entry>
<entry name="Resolution">0.01 m/s²</entry>
<entry name="Power">0.17 mA</entry>
<entry name="Delay">10000 μs</entry>
</group>
<group title="Magnetic field Sensor">
<entry name="Vendor">HTC Group Ltd.</entry>
<entry name="Range">200.0 μT</entry>
<entry name="Resolution">0.01 μT</entry>
<entry name="Power">5.0 mA</entry>
<entry name="Delay">10000 μs</entry>
</group>
<group title="Gyroscope Sensor">
<entry name="Vendor">HTC Group Ltd.</entry>
<entry name="Range">40.0 rad/s</entry>
<entry name="Resolution">0.01 rad/s</entry>
<entry name="Power">6.1 mA</entry>
<entry name="Delay">10000 μs</entry>
</group>
<group title="CM36282 Light sensor">
<entry name="Vendor">Capella Microsystems</entry>
<entry name="Range">10240.0 lx</entry>
<entry name="Resolution">1.0 lx</entry>
<entry name="Power">0.15 mA</entry>
<entry name="Delay">On Trigger</entry>
</group>
<group title="CM36282 Proximity sensor">
<entry name="Vendor">Capella Microsystems</entry>
<entry name="Range">9.0 cm</entry>
<entry name="Resolution">9.0 cm</entry>
<entry name="Power">0.18 mA</entry>
<entry name="Delay">On Trigger</entry>
</group>
<group title="Pressure Sensor">
<entry name="Vendor">HTC Group Ltd.</entry>
<entry name="Range">2000.0 hPa</entry>
<entry name="Resolution">1.0 hPa</entry>
<entry name="Power">0.0027 mA</entry>
<entry name="Delay">10000 μs</entry>
</group>
<group title="CWGD  Orientation Sensor">
<entry name="Vendor">HTC Group Ltd.</entry>
<entry name="Range">360.0°</entry>
<entry name="Resolution">0.1°</entry>
<entry name="Power">11.27 mA</entry>
<entry name="Delay">10000 μs</entry>
</group>
<group title="Rotation Vector">
<entry name="Vendor">HTC Group Ltd.</entry>
<entry name="Range">1.0</entry>
<entry name="Resolution">5.9604645E-8</entry>
<entry name="Power">11.27 mA</entry>
<entry name="Delay">10000 μs</entry>
</group>
<group title="Linear Acceleration">
<entry name="Vendor">HTC Group Ltd.</entry>
<entry name="Range">19.6133 m/s²</entry>
<entry name="Resolution">0.01 m/s²</entry>
<entry name="Power">11.27 mA</entry>
<entry name="Delay">10000 μs</entry>
</group>
<group title="Gravity">
<entry name="Vendor">HTC Group Ltd.</entry>
<entry name="Range">9.80665 m/s²</entry>
<entry name="Resolution">0.01 m/s²</entry>
<entry name="Power">11.27 mA</entry>
<entry name="Delay">10000 μs</entry>
</group>
<group title="Magnetic Uncalibrated">
<entry name="Vendor">HTC Group Ltd.</entry>
<entry name="Range">200.0 μT</entry>
<entry name="Resolution">1.0 μT</entry>
<entry name="Power">5.0 mA</entry>
<entry name="Delay">10000 μs</entry>
</group>
<group title="Gyroscope Uncalibrated">
<entry name="Vendor">HTC Group Ltd.</entry>
<entry name="Range">2000.0 rad/s</entry>
<entry name="Resolution">0.01 rad/s</entry>
<entry name="Power">6.1 mA</entry>
<entry name="Delay">10000 μs</entry>
</group>
<group title="Game Rotation Vector">
<entry name="Vendor">HTC Group Ltd.</entry>
<entry name="Range">1.0</entry>
<entry name="Resolution">1.0E-4</entry>
<entry name="Power">6.27 mA</entry>
<entry name="Delay">10000 μs</entry>
</group>
<group title="Geomagnetic Rotation Vector">
<entry name="Vendor">HTC Group Ltd.</entry>
<entry name="Range">1.0</entry>
<entry name="Resolution">1.0E-4</entry>
<entry name="Power">5.17 mA</entry>
<entry name="Delay">10000 μs</entry>
</group>
<group title="Significant Motion">
<entry name="Vendor">HTC Group Ltd.</entry>
<entry name="Power">0.1 mA</entry>
<entry name="Delay">On Trigger</entry>
</group>
<group title="HTC Gesture sensor">
<entry name="Vendor">HTC Group Ltd.</entry>
<entry name="Range">1.0</entry>
<entry name="Resolution">1.0</entry>
<entry name="Power">0.17 mA</entry>
<entry name="Delay">On Trigger</entry>
</group>
</group>
<group title="Codecs" subtitle="36">
<group title="OMX.qcom.video.encoder.avc">
<group title="Media type: video/avc">
<entry name="Color Formats: ">QOMX_COLOR_FormatYUV420PackedSemiPlanar32m Surface YUV420Flexible</entry>
<entry name="Profiles: ">Baseline(0x10000) Main(0x10000) High(0x10000) 0x7f000001(0x10000) </entry>
</group>
</group>
<group title="OMX.qcom.video.encoder.mpeg4">
<group title="Media type: video/mp4v-es">
<entry name="Color Formats: ">QOMX_COLOR_FormatYUV420PackedSemiPlanar32m Surface YUV420Flexible</entry>
<entry name="Profiles: ">Simple(5) AdvancedSimple(5) </entry>
</group>
</group>
<group title="OMX.qcom.video.encoder.h263">
<group title="Media type: video/3gpp">
<entry name="Color Formats: ">QOMX_COLOR_FormatYUV420PackedSemiPlanar32m Surface YUV420Flexible</entry>
<entry name="Profiles: ">Baseline(70) </entry>
</group>
</group>
<group title="OMX.qcom.video.encoder.vp8">
<group title="Media type: video/x-vnd.on2.vp8">
<entry name="Color Formats: ">QOMX_COLOR_FormatYUV420PackedSemiPlanar32m Surface YUV420Flexible</entry>
<entry name="Profiles: ">Main(Version0, Version1) </entry>
</group>
</group>
<group title="OMX.qcom.video.decoder.avc">
<group title="Media type: video/avc">
<entry name="Color Formats: ">QOMX_COLOR_FormatYUV420PackedSemiPlanar32m YUV420Flexible YUV420Planar YUV420SemiPlanar</entry>
<entry name="Profiles: ">Baseline(5) Main(5) High(5) </entry>
</group>
</group>
<group title="OMX.qcom.video.decoder.mpeg4">
<group title="Media type: video/mp4v-es">
<entry name="Color Formats: ">QOMX_COLOR_FormatYUV420PackedSemiPlanar32m YUV420Flexible YUV420Planar YUV420SemiPlanar</entry>
<entry name="Profiles: ">Simple(5) AdvancedSimple(5) </entry>
</group>
</group>
<group title="OMX.qcom.video.decoder.h263">
<group title="Media type: video/3gpp">
<entry name="Color Formats: ">QOMX_COLOR_FormatYUV420PackedSemiPlanar32m YUV420Flexible YUV420Planar YUV420SemiPlanar</entry>
<entry name="Profiles: ">Baseline(70) </entry>
</group>
</group>
<group title="OMX.qcom.video.decoder.vc1">
<group title="Media type: video/x-ms-wmv">
<entry name="Color Formats: ">QOMX_COLOR_FormatYUV420PackedSemiPlanar32m YUV420Flexible YUV420Planar YUV420SemiPlanar</entry>
</group>
</group>
<group title="OMX.qcom.video.decoder.vp8">
<group title="Media type: video/x-vnd.on2.vp8">
<entry name="Color Formats: ">QOMX_COLOR_FormatYUV420PackedSemiPlanar32m YUV420Flexible YUV420Planar YUV420SemiPlanar</entry>
</group>
</group>
<group title="OMX.ARICENT.AUDIO.DEC.WMAPRO">
<group title="Media type: audio/x-ms-wma">
</group>
</group>
<group title="OMX.ARICENT.VIDEO.DEC.WMV">
<group title="Media type: video/x-ms-wmv">
<entry name="Color Formats: ">YUV420Flexible</entry>
</group>
</group>
<group title="OMX.google.mp3.decoder">
<group title="Media type: audio/mpeg">
</group>
</group>
<group title="OMX.google.amrnb.decoder">
<group title="Media type: audio/3gpp">
</group>
</group>
<group title="OMX.google.amrwb.decoder">
<group title="Media type: audio/amr-wb">
</group>
</group>
<group title="OMX.google.aac.decoder">
<group title="Media type: audio/mp4a-latm">
</group>
</group>
<group title="OMX.google.g711.alaw.decoder">
<group title="Media type: audio/g711-alaw">
</group>
</group>
<group title="OMX.google.g711.mlaw.decoder">
<group title="Media type: audio/g711-mlaw">
</group>
</group>
<group title="OMX.google.vorbis.decoder">
<group title="Media type: audio/vorbis">
</group>
</group>
<group title="OMX.google.opus.decoder">
<group title="Media type: audio/opus">
</group>
</group>
<group title="OMX.google.raw.decoder">
<group title="Media type: audio/raw">
</group>
</group>
<group title="OMX.google.aac.encoder">
<group title="Media type: audio/mp4a-latm">
</group>
</group>
<group title="OMX.google.amrnb.encoder">
<group title="Media type: audio/3gpp">
</group>
</group>
<group title="OMX.google.amrwb.encoder">
<group title="Media type: audio/amr-wb">
</group>
</group>
<group title="OMX.google.flac.encoder">
<group title="Media type: audio/flac">
</group>
</group>
<group title="OMX.google.gsm.decoder">
<group title="Media type: audio/gsm">
</group>
</group>
<group title="OMX.google.mpeg2.decoder">
<group title="Media type: video/mpeg2">
<entry name="Color Formats: ">YUV420Flexible</entry>
<entry name="Profiles: ">0x0(0x0, 0x1, 0x2, 0x3) 0x1(0x0, 0x1, 0x2, 0x3) </entry>
</group>
</group>
<group title="OMX.google.mpeg4.decoder">
<group title="Media type: video/mp4v-es">
<entry name="Color Formats: ">YUV420Flexible</entry>
<entry name="Profiles: ">Simple(0, 0b, 1, 2, 3) </entry>
</group>
</group>
<group title="OMX.google.h263.decoder">
<group title="Media type: video/3gpp">
<entry name="Color Formats: ">YUV420Flexible</entry>
<entry name="Profiles: ">Baseline(10, 20, 30, 45) ISWV2(10, 20, 30, 45) </entry>
</group>
</group>
<group title="OMX.google.h264.decoder">
<group title="Media type: video/avc">
<entry name="Color Formats: ">YUV420Flexible</entry>
<entry name="Profiles: ">Baseline(0x10000, 1, 11, 12, 13, 1b, 2, 21, 22, 3, 31, 32, 4, 41, 42, 5, 51) Main(0x10000, 1, 11, 12, 13, 1b, 2, 21, 22, 3, 31, 32, 4, 41, 42, 5, 51) High(0x10000, 1, 11, 12, 13, 1b, 2, 21, 22, 3, 31, 32, 4, 41, 42, 5, 51) </entry>
</group>
</group>
<group title="OMX.google.hevc.decoder">
<group title="Media type: video/hevc">
<entry name="Color Formats: ">YUV420Flexible</entry>
<entry name="Profiles: ">0x1(0x1, 0x10, 0x100, 0x1000, 0x10000, 0x4, 0x40, 0x400, 0x4000) </entry>
</group>
</group>
<group title="OMX.google.vp8.decoder">
<group title="Media type: video/x-vnd.on2.vp8">
<entry name="Color Formats: ">YUV420Flexible</entry>
</group>
</group>
<group title="OMX.google.vp9.decoder">
<group title="Media type: video/x-vnd.on2.vp9">
<entry name="Color Formats: ">YUV420Flexible</entry>
</group>
</group>
<group title="OMX.google.h263.encoder">
<group title="Media type: video/3gpp">
<entry name="Color Formats: ">YUV420Flexible YUV420Planar YUV420SemiPlanar</entry>
<entry name="Profiles: ">Baseline(45) </entry>
</group>
</group>
<group title="OMX.google.h264.encoder">
<group title="Media type: video/avc">
<entry name="Color Formats: ">YUV420Flexible YUV420Planar YUV420SemiPlanar</entry>
<entry name="Profiles: ">Baseline(1, 11, 12, 13, 1b, 2, 21, 22, 3, 31, 32, 4, 41) Main(1, 11, 12, 13, 1b, 2, 21, 22, 3, 31, 32, 4, 41) </entry>
</group>
</group>
<group title="OMX.google.mpeg4.encoder">
<group title="Media type: video/mp4v-es">
<entry name="Color Formats: ">YUV420Flexible YUV420Planar YUV420SemiPlanar</entry>
<entry name="Profiles: ">Core(2) </entry>
</group>
</group>
<group title="OMX.google.vp8.encoder">
<group title="Media type: video/x-vnd.on2.vp8">
<entry name="Color Formats: ">YUV420Flexible YUV420Planar YUV420SemiPlanar</entry>
<entry name="Profiles: ">Main(Version0, Version1, Version2, Version3) </entry>
</group>
</group>
</group>
<group title="Features" subtitle="63">
<group title="Graphics">
<entry >OpenGL 3.0</entry>
</group>
<group title="Android Hardware">
<entry >android.hardware.audio.low_latency</entry>
<entry >android.hardware.audio.output</entry>
<entry >android.hardware.bluetooth</entry>
<entry >android.hardware.bluetooth_le</entry>
<entry >android.hardware.camera</entry>
<entry >android.hardware.camera.any</entry>
<entry >android.hardware.camera.autofocus</entry>
<entry >android.hardware.camera.flash</entry>
<entry >android.hardware.camera.front</entry>
<entry >android.hardware.consumerir</entry>
<entry >android.hardware.faketouch</entry>
<entry >android.hardware.location</entry>
<entry >android.hardware.location.gps</entry>
<entry >android.hardware.location.network</entry>
<entry >android.hardware.microphone</entry>
<entry >android.hardware.nfc</entry>
<entry >android.hardware.nfc.hce</entry>
<entry >android.hardware.screen.landscape</entry>
<entry >android.hardware.screen.portrait</entry>
<entry >android.hardware.sensor.accelerometer</entry>
<entry >android.hardware.sensor.barometer</entry>
<entry >android.hardware.sensor.compass</entry>
<entry >android.hardware.sensor.gyroscope</entry>
<entry >android.hardware.sensor.light</entry>
<entry >android.hardware.sensor.proximity</entry>
<entry >android.hardware.telephony</entry>
<entry >android.hardware.telephony.gsm</entry>
<entry >android.hardware.touchscreen</entry>
<entry >android.hardware.touchscreen.multitouch</entry>
<entry >android.hardware.touchscreen.multitouch.distinct</entry>
<entry >android.hardware.touchscreen.multitouch.jazzhand</entry>
<entry >android.hardware.usb.accessory</entry>
<entry >android.hardware.usb.host</entry>
<entry >android.hardware.wifi</entry>
<entry >android.hardware.wifi.direct</entry>
</group>
<group title="Android Software">
<entry >android.software.app_widgets</entry>
<entry >android.software.backup</entry>
<entry >android.software.connectionservice</entry>
<entry >android.software.device_admin</entry>
<entry >android.software.home_screen</entry>
<entry >android.software.input_methods</entry>
<entry >android.software.live_wallpaper</entry>
<entry >android.software.managed_users</entry>
<entry >android.software.midi</entry>
<entry >android.software.print</entry>
<entry >android.software.sip</entry>
<entry >android.software.sip.voip</entry>
<entry >android.software.voice_recognizers</entry>
<entry >android.software.webview</entry>
</group>
<group title="Htc">
<entry >com.htc.key.dap</entry>
<entry >com.htc.sensor.hallsensor</entry>
<entry >com.htc.sensor.sensorhub</entry>
<entry >com.htc.software.HTC</entry>
<entry >com.htc.software.IHSense</entry>
<entry >com.htc.software.M8UL</entry>
<entry >com.htc.software.Sense7.0</entry>
<entry >com.htc.software.hdk</entry>
<entry >com.htc.software.hdk2</entry>
<entry >com.htc.software.hdk3</entry>
<entry >com.htc.voicedictation_c</entry>
<entry >com.htc.vte</entry>
</group>
<group title="Nxp">
<entry >com.nxp.mifare</entry>
</group>
</group>
</group>
</hardwareinfo>